Topic stat;Value
Coherence;2.7435604716503286
Diversity;0.6347826086956522
