Topic stat;Value
Coherence;2.7590042122339726
Diversity;0.6130434782608696
