Topic stat;Value
Coherence;1.7870581515191357
Diversity;0.3192307692307692
