Topic stat;Value
Coherence;1.9397935592063615
Diversity;0.9227272727272727
