Topic stat;Value
Coherence;1.632473266884013
Diversity;0.8159090909090909
