Topic stat;Value
Coherence;1.3280500943804823
Diversity;0.8767441860465116
