Topic stat;Value
Coherence;1.3608118224859296
Diversity;0.773469387755102
