Topic stat;Value
Coherence;0.7432875044824174
Diversity;0.7729166666666667
