Topic stat;Value
Coherence;0.6530818585476613
Diversity;0.24594594594594596
