Topic stat;Value
Coherence;0.7727578148615911
Diversity;0.26129032258064516
