Topic stat;Value
Coherence;0.8304311467951121
Diversity;0.7795918367346939
